4;App\Models\User;6
6;App\Models\User;299
6;App\Models\User;300
6;App\Models\User;301
6;App\Models\User;302
6;App\Models\User;303
6;App\Models\User;304
6;App\Models\User;305
6;App\Models\User;306
6;App\Models\User;307
6;App\Models\User;308
6;App\Models\User;309
6;App\Models\User;310
6;App\Models\User;311
6;App\Models\User;312
6;App\Models\User;313
6;App\Models\User;314
6;App\Models\User;315
6;App\Models\User;316
6;App\Models\User;317
6;App\Models\User;318
6;App\Models\User;319
6;App\Models\User;320
6;App\Models\User;321
6;App\Models\User;322
6;App\Models\User;323
6;App\Models\User;324
6;App\Models\User;325
6;App\Models\User;326
6;App\Models\User;327
6;App\Models\User;328
6;App\Models\User;329
6;App\Models\User;330
6;App\Models\User;331
6;App\Models\User;332
6;App\Models\User;333
6;App\Models\User;334
6;App\Models\User;335
6;App\Models\User;336
6;App\Models\User;337
6;App\Models\User;338
6;App\Models\User;339
6;App\Models\User;340
6;App\Models\User;341
6;App\Models\User;342
6;App\Models\User;343
6;App\Models\User;344
6;App\Models\User;345
6;App\Models\User;346
6;App\Models\User;347
6;App\Models\User;348
6;App\Models\User;349
6;App\Models\User;350
6;App\Models\User;351
6;App\Models\User;352
6;App\Models\User;353
6;App\Models\User;354
6;App\Models\User;355
6;App\Models\User;356
6;App\Models\User;357
6;App\Models\User;358
6;App\Models\User;359
6;App\Models\User;360
6;App\Models\User;361
6;App\Models\User;362
6;App\Models\User;363
6;App\Models\User;364
6;App\Models\User;365
6;App\Models\User;366
6;App\Models\User;367
6;App\Models\User;368
6;App\Models\User;369
6;App\Models\User;370
6;App\Models\User;371
6;App\Models\User;372
6;App\Models\User;373
6;App\Models\User;374
6;App\Models\User;375
6;App\Models\User;376
6;App\Models\User;377
6;App\Models\User;378
6;App\Models\User;379
6;App\Models\User;380
6;App\Models\User;381
6;App\Models\User;382
6;App\Models\User;383
6;App\Models\User;384
6;App\Models\User;385
6;App\Models\User;386
6;App\Models\User;387
6;App\Models\User;388
6;App\Models\User;389
6;App\Models\User;390
6;App\Models\User;391
6;App\Models\User;392
6;App\Models\User;393
6;App\Models\User;394
6;App\Models\User;395
6;App\Models\User;396
6;App\Models\User;397
6;App\Models\User;398
6;App\Models\User;399
6;App\Models\User;400
6;App\Models\User;401
6;App\Models\User;402
6;App\Models\User;403
6;App\Models\User;404
6;App\Models\User;405
6;App\Models\User;406
6;App\Models\User;407
6;App\Models\User;408
6;App\Models\User;409
6;App\Models\User;410
6;App\Models\User;411
6;App\Models\User;412
6;App\Models\User;413
6;App\Models\User;414
6;App\Models\User;415
6;App\Models\User;416
6;App\Models\User;417
6;App\Models\User;418
6;App\Models\User;419
6;App\Models\User;420
6;App\Models\User;421
6;App\Models\User;422
6;App\Models\User;423
6;App\Models\User;424
6;App\Models\User;425
6;App\Models\User;426
6;App\Models\User;427
6;App\Models\User;428
6;App\Models\User;429
6;App\Models\User;430
6;App\Models\User;431
6;App\Models\User;432
6;App\Models\User;433
6;App\Models\User;434
6;App\Models\User;435
6;App\Models\User;436
6;App\Models\User;437
6;App\Models\User;438
6;App\Models\User;439
6;App\Models\User;440
6;App\Models\User;441
6;App\Models\User;442
6;App\Models\User;443
6;App\Models\User;444
6;App\Models\User;445
6;App\Models\User;446
6;App\Models\User;447
